<?xml version="1.0" encoding="UTF-8"?>
<configuration debug="false">

    <conversionRule conversionWord="coloredLevel"
                    converterClass="play.api.libs.logback.ColoredLevel"/>

    <appender name="FILE" class="ch.qos.logback.core.rolling.RollingFileAppender">
        <file>/var/log/thehive/application.log</file>
        <rollingPolicy class="ch.qos.logback.core.rolling.FixedWindowRollingPolicy">
            <fileNamePattern>/var/log/thehive/application.%i.log.zip</fileNamePattern>
            <minIndex>1</minIndex>
            <maxIndex>10</maxIndex>
        </rollingPolicy>
        <triggeringPolicy class="ch.qos.logback.core.rolling.SizeBasedTriggeringPolicy">
            <maxFileSize>10MB</maxFileSize>
        </triggeringPolicy>
        <encoder>
            <pattern>%date [%level] from %logger in %thread %replace(\(%X{userId}@%X{organisation}\) ){'\(@\)
                ',''}[%X{kamonTraceId}] %message%n%xException
            </pattern>
        </encoder>
    </appender>

    <appender name="STDOUT" class="ch.qos.logback.core.ConsoleAppender">
        <encoder>
            <pattern>%date %coloredLevel %logger{15} %replace(\(%X{userId}@%X{organisation}\) ){'\(@\)
                ',''}[%X{kamonTraceId}] %message%n%xException{10}
            </pattern>
        </encoder>
    </appender>

    <appender name="ASYNCFILE" class="ch.qos.logback.classic.AsyncAppender">
        <appender-ref ref="FILE"/>
    </appender>

    <appender name="ASYNCSTDOUT" class="ch.qos.logback.classic.AsyncAppender">
        <appender-ref ref="STDOUT"/>
    </appender>

    <!-- do not set the following logger to TRACE -->
    <logger name="org.thp.scalligraph.traversal" level="INFO"/>
    <logger name="org.reflections.Reflections" level="ERROR"/>
    <logger name="org.janusgraph.graphdb.database.management.ManagementLogger" level="OFF"/>
    <logger name="org.janusgraph.graphdb.database.IndexSerializer" level="ERROR"/>
    <logger name="org.apache.kafka" level="WARN"/>
    <logger name="org.docx4j" level="WARN"/>
    <logger name="org.docx4j.model.PropertyResolver" level="OFF" />
    <!-- Log Elasticsearch requests -->
    <!--<logger name="org.janusgraph.diskstorage.es.rest.RestElasticSearchClient" level="TRACE"/>-->
    <logger name="org.thp.scalligraph.models" level="INFO"/>
    <logger name="org.thp" level="INFO"/>

    <root level="INFO">
        <appender-ref ref="ASYNCFILE"/>
        <appender-ref ref="ASYNCSTDOUT"/>
    </root>

</configuration>